"","Country area or territory","Surveillance site type","Year-week (ISO 8601 calendar)","Week start date (ISO 8601 calendar)","Specimen tested","Influenza positive","Influenza negative","A (H3)"
"1","Japan","Sentinel","2015-02",2015-01-05,611,594,0,594
"2","Japan","Sentinel","2015-03",2015-01-12,501,479,0,479
"3","Japan","Sentinel","2015-04",2015-01-19,530,483,0,483
"4","Japan","Sentinel","2015-05",2015-01-26,412,373,0,373
"5","Japan","Sentinel","2015-06",2015-02-02,310,273,0,273
"6","Japan","Sentinel","2015-07",2015-02-09,204,173,0,173
"7","Japan","Sentinel","2015-08",2015-02-16,262,209,0,209
"8","Japan","Sentinel","2015-09",2015-02-23,164,113,0,113
"9","Japan","Sentinel","2015-10",2015-03-02,150,94,0,94
"10","Japan","Sentinel","2015-11",2015-03-09,144,79,0,79
"11","Japan","Sentinel","2015-12",2015-03-16,146,67,0,67
"12","Japan","Sentinel","2015-13",2015-03-23,97,36,0,36
"13","Japan","Sentinel","2015-14",2015-03-30,70,27,0,27
"14","Japan","Sentinel","2015-15",2015-04-06,57,14,0,14
"15","Japan","Sentinel","2015-16",2015-04-13,83,22,0,22
"16","Japan","Sentinel","2015-17",2015-04-20,64,12,0,12
"17","Japan","Sentinel","2015-18",2015-04-27,25,5,0,5
"18","Japan","Sentinel","2015-19",2015-05-04,13,2,0,2
"19","Japan","Sentinel","2015-20",2015-05-11,22,3,0,3
"20","Japan","Sentinel","2015-21",2015-05-18,18,1,0,1
"21","Japan","Sentinel","2015-22",2015-05-25,10,2,0,2
"22","Japan","Sentinel","2015-23",2015-06-01,11,1,0,1
"23","Japan","Sentinel","2015-24",2015-06-08,8,2,0,2
"24","Japan","Sentinel","2015-25",2015-06-15,7,2,0,2
"25","Japan","Sentinel","2015-26",2015-06-22,7,6,0,6
"26","Japan","Sentinel","2015-27",2015-06-29,3,1,0,1
"27","Japan","Sentinel","2015-28",2015-07-06,5,5,0,5
"28","Japan","Sentinel","2015-29",2015-07-13,1,0,0,0
"29","Japan","Sentinel","2015-30",2015-07-20,1,1,0,1
"30","Japan","Sentinel","2015-31",2015-07-27,4,1,0,1
"31","Japan","Sentinel","2015-32",2015-08-03,3,2,0,2
"32","Japan","Sentinel","2015-33",2015-08-10,3,2,0,2
"33","Japan","Sentinel","2015-34",2015-08-17,5,2,0,2
"34","Japan","Sentinel","2015-35",2015-08-24,5,1,0,1
"35","Japan","Sentinel","2015-36",2015-08-31,17,11,0,11
"36","Japan","Sentinel","2015-37",2015-09-07,6,3,0,3
"37","Japan","Sentinel","2015-38",2015-09-14,7,1,0,1
"38","Japan","Sentinel","2015-39",2015-09-21,3,0,0,0
"39","Japan","Sentinel","2015-40",2015-09-28,10,5,0,5
"40","Japan","Sentinel","2015-41",2015-10-05,13,11,0,11
"41","Japan","Sentinel","2015-42",2015-10-12,8,5,0,5
"42","Japan","Sentinel","2015-43",2015-10-19,33,10,0,10
"43","Japan","Sentinel","2015-44",2015-10-26,10,4,0,4
"44","Japan","Sentinel","2015-45",2015-11-02,22,14,0,14
"45","Japan","Sentinel","2015-46",2015-11-09,24,7,0,7
"46","Japan","Sentinel","2015-47",2015-11-16,30,11,0,11
"47","Japan","Sentinel","2015-48",2015-11-23,22,12,0,12
"48","Japan","Sentinel","2015-49",2015-11-30,38,15,0,15
"49","Japan","Sentinel","2015-50",2015-12-07,45,19,0,19
"50","Japan","Sentinel","2015-51",2015-12-14,55,16,0,16
"51","Japan","Sentinel","2015-52",2015-12-21,78,26,0,26
"52","Japan","Sentinel","2015-53",2015-12-28,49,7,0,7
"53","Japan","Sentinel","2016-01",2016-01-04,212,30,2,30
"54","Japan","Sentinel","2016-02",2016-01-11,418,35,6,35
"55","Japan","Sentinel","2016-03",2016-01-18,774,78,7,78
"56","Japan","Sentinel","2016-04",2016-01-25,727,45,4,45
"57","Japan","Sentinel","2016-05",2016-02-01,815,41,0,41
"58","Japan","Sentinel","2016-06",2016-02-08,533,24,2,24
"59","Japan","Sentinel","2016-07",2016-02-15,544,27,4,27
"60","Japan","Sentinel","2016-08",2016-02-22,469,25,7,25
"61","Japan","Sentinel","2016-09",2016-02-29,473,15,8,15
"62","Japan","Sentinel","2016-10",2016-03-07,391,18,8,18
"63","Japan","Sentinel","2016-11",2016-03-14,314,12,2,12
"64","Japan","Sentinel","2016-12",2016-03-21,222,13,9,13
"65","Japan","Sentinel","2016-13",2016-03-28,235,9,13,9
"66","Japan","Sentinel","2016-14",2016-04-04,320,13,46,13
"67","Japan","Sentinel","2016-15",2016-04-11,246,9,29,9
"68","Japan","Sentinel","2016-16",2016-04-18,234,8,29,8
"69","Japan","Sentinel","2016-17",2016-04-25,132,3,18,3
"70","Japan","Sentinel","2016-18",2016-05-02,88,2,25,2
"71","Japan","Sentinel","2016-19",2016-05-09,95,3,26,3
"72","Japan","Sentinel","2016-20",2016-05-16,70,0,38,0
"73","Japan","Sentinel","2016-21",2016-05-23,51,2,24,2
"74","Japan","Sentinel","2016-22",2016-05-30,44,5,31,5
"75","Japan","Sentinel","2016-23",2016-06-06,33,1,28,1
"76","Japan","Sentinel","2016-24",2016-06-13,40,2,32,2
"77","Japan","Sentinel","2016-25",2016-06-20,36,6,27,6
"78","Japan","Sentinel","2016-26",2016-06-27,30,0,28,0
"79","Japan","Sentinel","2016-27",2016-07-04,41,4,36,4
"80","Japan","Sentinel","2016-28",2016-07-11,49,4,42,4
"81","Japan","Sentinel","2016-29",2016-07-18,27,1,25,1
"82","Japan","Sentinel","2016-30",2016-07-25,43,6,36,6
"83","Japan","Sentinel","2016-31",2016-08-01,27,3,20,3
"84","Japan","Sentinel","2016-32",2016-08-08,26,8,16,8
"85","Japan","Sentinel","2016-33",2016-08-15,22,3,15,3
"86","Japan","Sentinel","2016-34",2016-08-22,24,2,21,2
"87","Japan","Sentinel","2016-35",2016-08-29,35,5,29,5
"88","Japan","Sentinel","2016-36",2016-09-05,59,18,40,18
"89","Japan","Sentinel","2016-37",2016-09-12,62,16,37,16
"90","Japan","Sentinel","2016-38",2016-09-19,46,33,12,33
"91","Japan","Sentinel","2016-39",2016-09-26,61,16,38,16
"92","Japan","Sentinel","2016-40",2016-10-03,59,26,28,26
"93","Japan","Sentinel","2016-41",2016-10-10,66,30,31,30
"94","Japan","Sentinel","2016-42",2016-10-17,97,61,29,61
"95","Japan","Sentinel","2016-43",2016-10-24,100,80,17,80
"96","Japan","Sentinel","2016-44",2016-10-31,123,84,28,84
"97","Japan","Sentinel","2016-45",2016-11-07,129,95,21,95
"98","Japan","Sentinel","2016-46",2016-11-14,223,162,37,162
"99","Japan","Sentinel","2016-47",2016-11-21,191,152,28,152
"100","Japan","Sentinel","2016-48",2016-11-28,315,258,45,258
"101","Japan","Sentinel","2016-49",2016-12-05,382,276,75,276
"102","Japan","Sentinel","2016-50",2016-12-12,427,313,86,313
"103","Japan","Sentinel","2016-51",2016-12-19,486,367,96,367
"104","Japan","Sentinel","2016-52",2016-12-26,249,202,34,202
"105","Japan","Sentinel","2017-01",2017-01-02,385,327,37,327
"106","Japan","Sentinel","2017-02",2017-01-09,562,482,48,482
"107","Japan","Sentinel","2017-03",2017-01-16,792,683,53,683
"108","Japan","Sentinel","2017-04",2017-01-23,693,581,56,581
"109","Japan","Sentinel","2017-05",2017-01-30,646,522,65,522
"110","Japan","Sentinel","2017-06",2017-02-06,558,455,52,455
"111","Japan","Sentinel","2017-07",2017-02-13,569,434,51,434
"112","Japan","Sentinel","2017-08",2017-02-20,486,365,49,365
"113","Japan","Sentinel","2017-09",2017-02-27,455,308,30,308
"114","Japan","Sentinel","2017-10",2017-03-06,407,258,41,258
"115","Japan","Sentinel","2017-11",2017-03-13,401,235,37,235
"116","Japan","Sentinel","2017-12",2017-03-20,293,157,27,157
"117","Japan","Sentinel","2017-13",2017-03-27,323,142,29,142
"118","Japan","Sentinel","2017-14",2017-04-03,268,104,26,104
"119","Japan","Sentinel","2017-15",2017-04-10,269,104,31,104
"120","Japan","Sentinel","2017-16",2017-04-17,283,78,34,78
"121","Japan","Sentinel","2017-17",2017-04-24,195,42,36,42
"122","Japan","Sentinel","2017-18",2017-05-01,105,30,22,30
"123","Japan","Sentinel","2017-19",2017-05-08,128,23,29,23
"124","Japan","Sentinel","2017-20",2017-05-15,112,16,35,16
"125","Japan","Sentinel","2017-21",2017-05-22,56,5,22,5
"126","Japan","Sentinel","2017-22",2017-05-29,55,5,26,5
"127","Japan","Sentinel","2017-23",2017-06-05,79,6,56,6
"128","Japan","Sentinel","2017-24",2017-06-12,60,7,42,7
"129","Japan","Sentinel","2017-25",2017-06-19,44,4,24,4
"130","Japan","Sentinel","2017-26",2017-06-26,58,5,37,5
"131","Japan","Sentinel","2017-27",2017-07-03,62,10,37,10
"132","Japan","Sentinel","2017-28",2017-07-10,31,5,19,5
"133","Japan","Sentinel","2017-29",2017-07-17,30,6,18,6
"134","Japan","Sentinel","2017-30",2017-07-24,38,7,21,7
"135","Japan","Sentinel","2017-31",2017-07-31,61,12,33,12
"136","Japan","Sentinel","2017-32",2017-08-07,36,16,11,16
"137","Japan","Sentinel","2017-33",2017-08-14,42,15,15,15
"138","Japan","Sentinel","2017-34",2017-08-21,49,8,25,8
"139","Japan","Sentinel","2017-35",2017-08-28,66,10,28,10
"140","Japan","Sentinel","2017-36",2017-09-04,61,16,22,16
"141","Japan","Sentinel","2017-37",2017-09-11,75,17,27,17
"142","Japan","Sentinel","2017-38",2017-09-18,34,12,11,12
"143","Japan","Sentinel","2017-40",2017-10-02,66,13,29,13
"144","Japan","Sentinel","2017-41",2017-10-09,61,13,30,13
"145","Japan","Sentinel","2017-42",2017-10-16,68,22,24,22
"146","Japan","Sentinel","2017-43",2017-10-23,88,11,37,11
"147","Japan","Sentinel","2017-44",2017-10-30,91,19,44,19
"148","Japan","Sentinel","2017-45",2017-11-06,89,12,26,12
"149","Japan","Sentinel","2017-46",2017-11-13,148,25,24,25
"150","Japan","Sentinel","2017-47",2017-11-20,224,31,35,31
"151","Japan","Sentinel","2017-48",2017-11-27,314,48,33,48
"152","Japan","Sentinel","2017-49",2017-12-04,437,48,55,48
"153","Japan","Sentinel","2017-50",2017-12-11,576,64,81,64
"154","Japan","Sentinel","2017-51",2017-12-18,605,71,47,71
"155","Japan","Sentinel","2017-52",2017-12-25,445,69,29,69
"156","Japan","Sentinel","2018-01",2018-01-01,377,88,25,88
"157","Japan","Sentinel","2018-02",2018-01-08,745,195,51,195
"158","Japan","Sentinel","2018-03",2018-01-15,996,259,76,259
"159","Japan","Sentinel","2018-04",2018-01-22,803,233,43,233
"160","Japan","Sentinel","2018-05",2018-01-29,824,225,57,225
"161","Japan","Sentinel","2018-06",2018-02-05,698,195,48,195
"162","Japan","Sentinel","2018-07",2018-02-12,544,170,49,170
"163","Japan","Sentinel","2018-08",2018-02-19,555,188,43,188
"164","Japan","Sentinel","2018-09",2018-02-26,501,206,40,206
"165","Japan","Sentinel","2018-10",2018-03-05,430,168,34,168
"166","Japan","Sentinel","2018-11",2018-03-12,361,147,39,147
"167","Japan","Sentinel","2018-12",2018-03-19,252,109,24,109
"168","Japan","Sentinel","2018-13",2018-03-26,215,115,19,115
"169","Japan","Sentinel","2018-14",2018-04-02,160,98,26,98
"170","Japan","Sentinel","2018-15",2018-04-09,133,81,21,81
"171","Japan","Sentinel","2018-16",2018-04-16,152,93,29,93
"172","Japan","Sentinel","2018-17",2018-04-23,102,46,44,46
"173","Japan","Sentinel","2018-18",2018-04-30,68,31,31,31
"174","Japan","Sentinel","2018-19",2018-05-07,104,37,60,37
"175","Japan","Sentinel","2018-20",2018-05-14,80,36,41,36
"176","Japan","Sentinel","2018-21",2018-05-21,68,28,37,28
"177","Japan","Sentinel","2018-22",2018-05-28,65,17,44,17
"178","Japan","Sentinel","2018-23",2018-06-04,56,16,37,16
"179","Japan","Sentinel","2018-24",2018-06-11,43,2,40,2
"180","Japan","Sentinel","2018-25",2018-06-18,49,3,44,3
"181","Japan","Sentinel","2018-26",2018-06-25,48,4,44,4
"182","Japan","Sentinel","2018-27",2018-07-02,51,3,41,3
"183","Japan","Sentinel","2018-28",2018-07-09,34,5,24,5
"184","Japan","Sentinel","2018-29",2018-07-16,27,3,21,3
"185","Japan","Sentinel","2018-30",2018-07-23,27,7,20,7
"186","Japan","Sentinel","2018-31",2018-07-30,26,3,22,3
"187","Japan","Sentinel","2018-32",2018-08-06,18,1,16,1
"188","Japan","Sentinel","2018-33",2018-08-13,26,1,23,1
"189","Japan","Sentinel","2018-34",2018-08-20,37,0,29,0
"190","Japan","Sentinel","2018-35",2018-08-27,38,1,35,1
"191","Japan","Sentinel","2018-36",2018-09-03,72,8,52,8
"192","Japan","Sentinel","2018-37",2018-09-10,64,4,34,4
"193","Japan","Sentinel","2018-38",2018-09-17,60,5,34,5
"194","Japan","Sentinel","2018-39",2018-09-24,58,7,33,7
"195","Japan","Sentinel","2018-40",2018-10-01,71,12,39,12
"196","Japan","Sentinel","2018-41",2018-10-08,70,3,59,3
"197","Japan","Sentinel","2018-42",2018-10-15,116,14,84,14
"198","Japan","Sentinel","2018-43",2018-10-22,75,10,51,10
"199","Japan","Sentinel","2018-44",2018-10-29,80,6,58,6
"200","Japan","Sentinel","2018-45",2018-11-05,98,20,52,20
"201","Japan","Sentinel","2018-46",2018-11-12,129,19,65,19
"202","Japan","Sentinel","2018-47",2018-11-19,108,18,42,18
"203","Japan","Sentinel","2018-48",2018-11-26,168,30,62,30
"204","Japan","Sentinel","2018-49",2018-12-03,221,44,71,44
"205","Japan","Sentinel","2018-50",2018-12-10,321,88,56,88
"206","Japan","Sentinel","2018-51",2018-12-17,487,143,67,143
"207","Japan","Sentinel","2018-52",2018-12-24,352,104,51,104
"208","Japan","Sentinel","2019-01",2018-12-31,295,124,28,124
"209","Japan","Sentinel","2019-02",2019-01-07,844,408,56,408
"210","Japan","Sentinel","2019-03",2019-01-14,843,458,53,458
"211","Japan","Sentinel","2019-04",2019-01-21,942,575,64,575
"212","Japan","Sentinel","2019-05",2019-01-28,803,524,62,524
"213","Japan","Sentinel","2019-06",2019-02-04,654,387,79,387
"214","Japan","Sentinel","2019-07",2019-02-11,450,281,62,281
"215","Japan","Sentinel","2019-08",2019-02-18,456,286,80,286
"216","Japan","Sentinel","2019-09",2019-02-25,374,232,77,232
"217","Japan","Sentinel","2019-10",2019-03-04,311,177,68,177
"218","Japan","Sentinel","2019-11",2019-03-11,241,141,48,141
"219","Japan","Sentinel","2019-12",2019-03-18,199,114,45,114
"220","Japan","Sentinel","2019-13",2019-03-25,170,93,29,93
"221","Japan","Sentinel","2019-14",2019-04-01,162,78,35,78
"222","Japan","Sentinel","2019-15",2019-04-08,195,93,54,93
"223","Japan","Sentinel","2019-16",2019-04-15,228,92,44,92
"224","Japan","Sentinel","2019-17",2019-04-22,184,55,51,55
"225","Japan","Sentinel","2019-18",2019-04-29,69,12,32,12
"226","Japan","Sentinel","2019-19",2019-05-06,101,10,49,10
"227","Japan","Sentinel","2019-20",2019-05-13,164,26,73,26
"228","Japan","Sentinel","2019-21",2019-05-20,99,9,43,9
"229","Japan","Sentinel","2019-22",2019-05-27,73,4,40,4
"230","Japan","Sentinel","2019-23",2019-06-03,71,7,36,7
"231","Japan","Sentinel","2019-24",2019-06-10,48,1,35,1
"232","Japan","Sentinel","2019-25",2019-06-17,46,4,32,4
"233","Japan","Sentinel","2019-26",2019-06-24,45,2,35,2
"234","Japan","Sentinel","2019-27",2019-07-01,31,2,20,2
"235","Japan","Sentinel","2019-28",2019-07-08,35,3,28,3
"236","Japan","Sentinel","2019-29",2019-07-15,26,0,22,0
"237","Japan","Sentinel","2019-30",2019-07-22,24,1,17,1
"238","Japan","Sentinel","2019-31",2019-07-29,38,1,21,1
"239","Japan","Sentinel","2019-32",2019-08-05,28,1,16,1
"240","Japan","Sentinel","2019-33",2019-08-12,13,0,4,0
"241","Japan","Sentinel","2019-34",2019-08-19,45,1,24,1
"242","Japan","Sentinel","2019-35",2019-08-26,33,1,14,1
"243","Japan","Sentinel","2019-36",2019-09-02,87,6,21,6
"244","Japan","Sentinel","2019-37",2019-09-09,97,7,16,7
"245","Japan","Sentinel","2019-38",2019-09-16,89,4,18,4
"246","Japan","Sentinel","2019-39",2019-09-23,109,1,33,1
"247","Japan","Sentinel","2019-40",2019-09-30,119,8,32,8
"248","Japan","Sentinel","2019-41",2019-10-07,123,5,42,5
"249","Japan","Sentinel","2019-42",2019-10-14,65,2,14,2
"250","Japan","Sentinel","2019-43",2019-10-21,91,3,17,3
"251","Japan","Sentinel","2019-44",2019-10-28,120,3,36,3
"252","Japan","Sentinel","2019-45",2019-11-04,98,6,21,6
"253","Japan","Sentinel","2019-46",2019-11-11,170,6,19,6
"254","Japan","Sentinel","2019-47",2019-11-18,214,10,24,10
"255","Japan","Sentinel","2019-48",2019-11-25,426,8,57,8
"256","Japan","Sentinel","2019-49",2019-12-02,488,7,55,7
"257","Japan","Sentinel","2019-50",2019-12-09,607,8,45,8
"258","Japan","Sentinel","2019-51",2019-12-16,659,10,52,10
"259","Japan","Sentinel","2019-52",2019-12-23,450,4,31,4
"260","Japan","Sentinel","2020-01",2019-12-30,102,1,4,1
"261","Japan","Sentinel","2020-02",2020-01-06,543,5,46,5
"262","Japan","Sentinel","2020-03",2020-01-13,425,3,25,3
"263","Japan","Sentinel","2020-04",2020-01-20,488,5,24,5
"264","Japan","Sentinel","2020-05",2020-01-27,456,4,72,4
"265","Japan","Sentinel","2020-06",2020-02-03,343,5,49,5
"266","Japan","Sentinel","2020-07",2020-02-10,416,6,189,6
"267","Japan","Sentinel","2020-08",2020-02-17,928,4,716,4
"268","Japan","Sentinel","2020-09",2020-02-24,1336,3,1186,3
"269","Japan","Sentinel","2020-10",2020-03-02,2077,4,1965,4
"270","Japan","Sentinel","2020-11",2020-03-09,1913,2,1862,2
"271","Japan","Sentinel","2020-12",2020-03-16,1710,1,1698,1
"272","Japan","Sentinel","2020-13",2020-03-23,2445,0,2442,0
"273","Japan","Sentinel","2020-14",2020-03-30,4270,0,4266,0
"274","Japan","Sentinel","2020-15",2020-04-06,5472,0,5470,0
"275","Japan","Sentinel","2020-16",2020-04-13,6601,0,6599,0
"276","Japan","Sentinel","2020-17",2020-04-20,5629,0,5628,0
"277","Japan","Sentinel","2020-18",2020-04-27,5068,0,5068,0
"278","Japan","Sentinel","2020-19",2020-05-04,3362,0,3362,0
"279","Japan","Sentinel","2020-20",2020-05-11,3357,0,3357,0
"280","Japan","Sentinel","2020-21",2020-05-18,1869,0,1869,0
"281","Japan","Sentinel","2020-22",2020-05-25,1518,0,1518,0
"282","Japan","Sentinel","2020-23",2020-06-01,1335,0,1335,0
"283","Japan","Sentinel","2020-24",2020-06-08,1267,0,1267,0
"284","Japan","Sentinel","2020-25",2020-06-15,969,0,969,0
"285","Japan","Sentinel","2020-26",2020-06-22,1026,0,1026,0
"286","Japan","Sentinel","2020-27",2020-06-29,1318,0,1318,0
"287","Japan","Sentinel","2020-28",2020-07-06,1605,0,1605,0
"288","Japan","Sentinel","2020-29",2020-07-13,1881,0,1881,0
"289","Japan","Sentinel","2020-30",2020-07-20,2266,0,2266,0
"290","Japan","Sentinel","2020-31",2020-07-27,3121,0,3121,0
"291","Japan","Sentinel","2020-32",2020-08-03,4598,0,4598,0
"292","Japan","Sentinel","2020-33",2020-08-10,2477,0,2477,0
"293","Japan","Sentinel","2020-34",2020-08-17,3110,0,3110,0
"294","Japan","Sentinel","2020-35",2020-08-24,2794,0,2794,0
"295","Japan","Sentinel","2020-36",2020-08-31,2126,0,2126,0
"296","Japan","Sentinel","2020-37",2020-09-07,1762,0,1762,0
"297","Japan","Sentinel","2020-38",2020-09-14,1794,0,1794,0
"298","Japan","Sentinel","2020-39",2020-09-21,998,0,998,0
"299","Japan","Sentinel","2020-40",2020-09-28,1335,0,1335,0
"300","Japan","Sentinel","2020-41",2020-10-05,1530,0,1530,0
"301","Japan","Sentinel","2020-42",2020-10-12,1809,0,1809,0
"302","Japan","Sentinel","2020-43",2020-10-19,1822,0,1821,0
"303","Japan","Sentinel","2020-44",2020-10-26,1343,0,1342,0
"304","Japan","Sentinel","2020-45",2020-11-02,1933,0,1933,0
"305","Japan","Sentinel","2020-46",2020-11-09,3140,0,3140,0
"306","Japan","Sentinel","2020-47",2020-11-16,4231,0,4231,0
"307","Japan","Sentinel","2020-48",2020-11-23,3766,0,3766,0
"308","Japan","Sentinel","2020-49",2020-11-30,3792,0,3792,0
"309","Japan","Sentinel","2020-50",2020-12-07,4333,0,4333,0
"310","Japan","Sentinel","2020-51",2020-12-14,2932,0,2932,0
"311","Japan","Sentinel","2020-52",2020-12-21,2977,0,2977,0
"312","Japan","Sentinel","2020-53",2020-12-28,2648,0,2648,0
"313","Japan","Sentinel","2021-01",2021-01-04,3850,0,3850,0
"314","Japan","Sentinel","2021-02",2021-01-11,3430,0,3430,0
"315","Japan","Sentinel","2021-03",2021-01-18,3197,0,3197,0
"316","Japan","Sentinel","2021-04",2021-01-25,2573,0,2573,0
"317","Japan","Sentinel","2021-05",2021-02-01,2573,0,2573,0
"318","Japan","Sentinel","2021-06",2021-02-08,1915,2,1913,2
"319","Japan","Sentinel","2021-07",2021-02-15,1662,0,1662,0
"320","Japan","Sentinel","2021-08",2021-02-22,996,0,996,0
"321","Japan","Sentinel","2021-09",2021-03-01,1303,2,1301,2
"322","Japan","Sentinel","2021-10",2021-03-08,1383,0,1383,0
"323","Japan","Sentinel","2021-11",2021-03-15,1430,0,1430,0
"324","Japan","Sentinel","2021-12",2021-03-22,1847,0,1847,0
"325","Japan","Sentinel","2021-13",2021-03-29,2489,0,2489,0
"326","Japan","Sentinel","2021-14",2021-04-05,2544,0,2544,0
"327","Japan","Sentinel","2021-15",2021-04-12,2953,0,2953,0
"328","Japan","Sentinel","2021-16",2021-04-19,4368,0,4368,0
"329","Japan","Sentinel","2021-17",2021-04-26,4084,0,4084,0
"330","Japan","Sentinel","2021-18",2021-05-03,2859,0,2859,0
"331","Japan","Sentinel","2021-19",2021-05-10,4004,0,4004,0
"332","Japan","Sentinel","2021-20",2021-05-17,2847,0,2847,0
"333","Japan","Sentinel","2021-21",2021-05-24,2452,0,2452,0
"334","Japan","Sentinel","2021-22",2021-05-31,2371,0,2371,0
"335","Japan","Sentinel","2021-23",2021-06-07,2816,0,2816,0
"336","Japan","Sentinel","2021-24",2021-06-14,2575,0,2575,0
"337","Japan","Sentinel","2021-25",2021-06-21,2413,0,2412,0
"338","Japan","Sentinel","2021-26",2021-06-28,1612,0,1612,0
"339","Japan","Sentinel","2021-27",2021-07-05,1889,0,1889,0
"340","Japan","Sentinel","2021-28",2021-07-12,2676,0,2676,0
"341","Japan","Sentinel","2021-29",2021-07-19,2555,0,2555,0
"342","Japan","Sentinel","2021-30",2021-07-26,2386,0,2386,0
"343","Japan","Sentinel","2021-31",2021-08-02,2791,0,2791,0
"344","Japan","Sentinel","2021-32",2021-08-09,2635,0,2635,0
"345","Japan","Sentinel","2021-33",2021-08-16,2862,0,2862,0
"346","Japan","Sentinel","2021-34",2021-08-23,3269,0,3269,0
"347","Japan","Sentinel","2021-35",2021-08-30,2489,0,2489,0
"348","Japan","Sentinel","2021-36",2021-09-06,2486,0,2486,0
"349","Japan","Sentinel","2021-37",2021-09-13,1700,0,1700,0
"350","Japan","Sentinel","2021-38",2021-09-20,1307,0,1307,0
"351","Japan","Sentinel","2021-39",2021-09-27,1208,0,1208,0
"352","Japan","Sentinel","2021-40",2021-10-04,677,0,677,0
"353","Japan","Sentinel","2021-41",2021-10-11,660,0,660,0
"354","Japan","Sentinel","2021-42",2021-10-18,240,0,240,0
"355","Japan","Sentinel","2021-43",2021-10-25,220,0,220,0
"356","Japan","Sentinel","2021-44",2021-11-01,142,0,142,0
"357","Japan","Sentinel","2021-45",2021-11-08,299,0,299,0
"358","Japan","Sentinel","2021-46",2021-11-15,177,0,177,0
"359","Japan","Sentinel","2021-47",2021-11-22,83,0,83,0
"360","Japan","Sentinel","2021-48",2021-11-29,218,0,218,0
"361","Japan","Sentinel","2021-49",2021-12-06,240,1,239,1
"362","Japan","Sentinel","2021-50",2021-12-13,503,2,501,2
"363","Japan","Sentinel","2021-51",2021-12-20,1110,1,1109,1
"364","Japan","Sentinel","2021-52",2021-12-27,467,0,467,0
"365","Japan","Sentinel","2022-01",2022-01-03,653,0,653,0
"366","Japan","Sentinel","2022-02",2022-01-10,2444,0,2444,0
"367","Japan","Sentinel","2022-03",2022-01-17,3852,0,3852,0
"368","Japan","Sentinel","2022-04",2022-01-24,4275,0,4275,0
"369","Japan","Sentinel","2022-05",2022-01-31,2541,0,2541,0
"370","Japan","Sentinel","2022-06",2022-02-07,3616,0,3616,0
"371","Japan","Sentinel","2022-07",2022-02-14,3049,0,3049,0
"372","Japan","Sentinel","2022-08",2022-02-21,2996,0,2995,0
"373","Japan","Sentinel","2022-09",2022-02-28,2863,0,2863,0
"374","Japan","Sentinel","2022-10",2022-03-07,1951,0,1951,0
"375","Japan","Sentinel","2022-11",2022-03-14,2186,0,2186,0
"376","Japan","Sentinel","2022-12",2022-03-21,1771,0,1771,0
"377","Japan","Sentinel","2022-13",2022-03-28,2790,0,2790,0
"378","Japan","Sentinel","2022-14",2022-04-04,2156,0,2156,0
"379","Japan","Sentinel","2022-15",2022-04-11,1606,0,1606,0
"380","Japan","Sentinel","2022-16",2022-04-18,1444,0,1444,0
"381","Japan","Sentinel","2022-17",2022-04-25,1667,0,1667,0
"382","Japan","Sentinel","2022-18",2022-05-02,1478,0,1478,0
"383","Japan","Sentinel","2022-19",2022-05-09,1484,0,1484,0
"384","Japan","Sentinel","2022-20",2022-05-16,1511,0,1511,0
"385","Japan","Sentinel","2022-21",2022-05-23,816,0,816,0
"386","Japan","Sentinel","2022-22",2022-05-30,963,0,963,0
"387","Japan","Sentinel","2022-23",2022-06-06,862,0,862,0
"388","Japan","Sentinel","2022-24",2022-06-13,804,0,804,0
"389","Japan","Sentinel","2022-25",2022-06-20,1080,1,1079,1
"390","Japan","Sentinel","2022-26",2022-06-27,1252,0,1252,0
"391","Japan","Sentinel","2022-27",2022-07-04,1529,16,1513,16
"392","Japan","Sentinel","2022-28",2022-07-11,1739,1,1738,1
"393","Japan","Sentinel","2022-29",2022-07-18,2274,3,2271,3
"394","Japan","Sentinel","2022-30",2022-07-25,2834,5,2829,5
"395","Japan","Sentinel","2022-31",2022-08-01,2642,2,2640,2
"396","Japan","Sentinel","2022-32",2022-08-08,2683,2,2681,2
"397","Japan","Sentinel","2022-33",2022-08-15,2705,12,2693,12
"398","Japan","Sentinel","2022-34",2022-08-22,3248,3,3244,3
"399","Japan","Sentinel","2022-35",2022-08-29,1762,4,1758,4
"400","Japan","Sentinel","2022-36",2022-09-05,1006,4,1002,4
"401","Japan","Sentinel","2022-37",2022-09-12,918,3,914,3
"402","Japan","Sentinel","2022-38",2022-09-19,978,0,978,0
"403","Japan","Sentinel","2022-39",2022-09-26,899,1,898,1
"404","Japan","Sentinel","2022-40",2022-10-03,597,0,597,0
"405","Japan","Sentinel","2022-41",2022-10-10,472,0,472,0
"406","Japan","Sentinel","2022-42",2022-10-17,438,0,438,0
"407","Japan","Sentinel","2022-43",2022-10-24,455,4,451,4
"408","Japan","Sentinel","2022-44",2022-10-31,989,1,988,1
"409","Japan","Sentinel","2022-45",2022-11-07,1762,7,1755,7
"410","Japan","Sentinel","2022-46",2022-11-14,2048,9,2037,9
"411","Japan","Sentinel","2022-47",2022-11-21,2812,9,2803,9
"412","Japan","Sentinel","2022-48",2022-11-28,2109,4,2105,4
"413","Japan","Sentinel","2022-49",2022-12-05,2003,13,1987,13
"414","Japan","Sentinel","2022-50",2022-12-12,2146,41,2104,41
"415","Japan","Sentinel","2022-51",2022-12-19,2070,73,1996,73
"416","Japan","Sentinel","2022-52",2022-12-26,1826,44,1781,44
"417","Japan","Sentinel","2023-01",2023-01-02,175,149,22,149
"418","Japan","Sentinel","2023-02",2023-01-09,354,230,113,230
"419","Japan","Sentinel","2023-03",2023-01-16,290,232,47,232
"420","Japan","Sentinel","2023-04",2023-01-23,245,217,24,217
"421","Japan","Sentinel","2023-05",2023-01-30,370,242,119,242
"422","Japan","Sentinel","2023-06",2023-02-06,204,184,17,184
"423","Japan","Sentinel","2023-07",2023-02-13,246,203,37,203
"424","Japan","Sentinel","2023-08",2023-02-20,216,182,26,182
"425","Japan","Sentinel","2023-09",2023-02-27,223,194,22,194
"426","Japan","Sentinel","2023-10",2023-03-06,239,192,32,192
"427","Japan","Sentinel","2023-11",2023-03-13,177,139,22,139
"428","Japan","Sentinel","2023-12",2023-03-20,166,138,19,138
"429","Japan","Sentinel","2023-13",2023-03-27,149,120,21,120
"430","Japan","Sentinel","2023-14",2023-04-03,135,103,23,103
"431","Japan","Sentinel","2023-15",2023-04-10,112,81,24,81
"432","Japan","Sentinel","2023-16",2023-04-17,97,66,23,66
"433","Japan","Sentinel","2023-17",2023-04-24,89,68,18,68
"434","Japan","Sentinel","2023-18",2023-05-01,58,33,14,33
"435","Japan","Sentinel","2023-19",2023-05-08,82,53,19,53
"436","Japan","Sentinel","2023-20",2023-05-15,111,59,43,59
"437","Japan","Sentinel","2023-21",2023-05-22,87,38,43,38
"438","Japan","Sentinel","2023-22",2023-05-29,261,30,224,30
"439","Japan","Sentinel","2023-23",2023-06-05,169,53,112,53
"440","Japan","Sentinel","2023-24",2023-06-12,63,33,26,33
"441","Japan","Sentinel","2023-25",2023-06-19,73,25,43,25
"442","Japan","Sentinel","2023-26",2023-06-26,75,32,32,32
"443","Japan","Sentinel","2023-27",2023-07-03,120,35,75,35
"444","Japan","Sentinel","2023-28",2023-07-10,121,29,81,29
"445","Japan","Sentinel","2023-29",2023-07-17,55,26,17,26
"446","Japan","Sentinel","2023-30",2023-07-24,125,34,79,34
"447","Japan","Sentinel","2023-31",2023-07-31,73,29,37,29
"448","Japan","Sentinel","2023-32",2023-08-07,60,19,28,19
"449","Japan","Sentinel","2023-33",2023-08-14,186,30,146,30
"450","Japan","Sentinel","2023-34",2023-08-21,287,34,238,34
"451","Japan","Sentinel","2023-35",2023-08-28,266,83,163,83
"452","Japan","Sentinel","2023-36",2023-09-04,204,95,69,95
"453","Japan","Sentinel","2023-37",2023-09-11,293,152,101,152
"454","Japan","Sentinel","2023-38",2023-09-18,168,101,27,101
"455","Japan","Sentinel","2023-39",2023-09-25,564,179,311,179
"456","Japan","Sentinel","2023-40",2023-10-02,398,181,138,181
"457","Japan","Sentinel","2023-41",2023-10-09,417,148,202,148
"458","Japan","Sentinel","2023-42",2023-10-16,344,192,36,192
"459","Japan","Sentinel","2023-43",2023-10-23,354,196,48,196
"460","Japan","Sentinel","2023-44",2023-10-30,386,189,93,189
"461","Japan","Sentinel","2023-45",2023-11-06,338,195,35,195
"462","Japan","Sentinel","2023-46",2023-11-13,427,225,61,225
"463","Japan","Sentinel","2023-47",2023-11-20,423,233,88,233
"464","Japan","Sentinel","2023-48",2023-11-27,406,238,29,238
"465","Japan","Sentinel","2023-49",2023-12-04,393,211,41,211
"466","Japan","Sentinel","2023-50",2023-12-11,468,223,106,223
"467","Japan","Sentinel","2023-51",2023-12-18,313,163,38,163
"468","Japan","Sentinel","2023-52",2023-12-25,246,112,46,112
"469","Japan","Sentinel","2024-01",2024-01-01,142,76,15,76
"470","Japan","Sentinel","2024-02",2024-01-08,284,116,35,116
"471","Japan","Sentinel","2024-03",2024-01-15,342,118,37,118
"472","Japan","Sentinel","2024-04",2024-01-22,441,94,150,94
"473","Japan","Sentinel","2024-05",2024-01-29,271,62,27,62
"474","Japan","Sentinel","2024-06",2024-02-05,275,37,32,37
"475","Japan","Sentinel","2024-07",2024-02-12,233,27,20,27
"476","Japan","Sentinel","2024-08",2024-02-19,240,15,29,15
"477","Japan","Sentinel","2024-09",2024-02-26,232,11,28,11
"478","Japan","Sentinel","2024-10",2024-03-04,234,11,28,11
"479","Japan","Sentinel","2024-11",2024-03-11,249,8,32,8
"480","Japan","Sentinel","2024-12",2024-03-18,216,13,33,13
"481","Japan","Sentinel","2024-13",2024-03-25,216,20,31,20
"482","Japan","Sentinel","2024-14",2024-04-01,145,8,25,8
"483","Japan","Sentinel","2024-15",2024-04-08,115,6,30,6
"484","Japan","Sentinel","2024-16",2024-04-15,96,6,32,6
"485","Japan","Sentinel","2024-17",2024-04-22,84,7,39,7
"486","Japan","Sentinel","2024-18",2024-04-29,41,1,22,1
"487","Japan","Sentinel","2024-19",2024-05-06,54,0,38,0
"488","Japan","Sentinel","2024-20",2024-05-13,42,3,28,3
"489","Japan","Sentinel","2024-21",2024-05-20,34,0,24,0
"490","Japan","Sentinel","2024-22",2024-05-27,40,3,33,3
"491","Japan","Sentinel","2024-23",2024-06-03,30,0,24,0
"492","Japan","Sentinel","2024-24",2024-06-10,35,1,28,1
"493","Japan","Sentinel","2024-25",2024-06-17,28,1,18,1
"494","Japan","Sentinel","2024-26",2024-06-24,29,1,20,1
"495","Japan","Sentinel","2024-27",2024-07-01,36,1,19,1
"496","Japan","Sentinel","2024-28",2024-07-08,47,0,30,0
"497","Japan","Sentinel","2024-29",2024-07-15,36,2,21,2
"498","Japan","Sentinel","2024-30",2024-07-22,48,7,25,7
"499","Japan","Sentinel","2024-31",2024-07-29,46,3,32,3
"500","Japan","Sentinel","2024-32",2024-08-05,33,3,20,3
"501","Japan","Sentinel","2024-33",2024-08-12,37,1,16,1
"502","Japan","Sentinel","2024-34",2024-08-19,44,3,23,3
"503","Japan","Sentinel","2024-35",2024-08-26,44,3,25,3
"504","Japan","Sentinel","2024-36",2024-09-02,76,2,33,2
"505","Japan","Sentinel","2024-37",2024-09-09,83,9,35,9
"506","Japan","Sentinel","2024-38",2024-09-16,55,2,25,2
"507","Japan","Sentinel","2024-39",2024-09-23,61,1,30,1
"508","Japan","Sentinel","2024-40",2024-09-30,95,3,33,3
"509","Japan","Sentinel","2024-41",2024-10-07,83,5,22,5
"510","Japan","Sentinel","2024-42",2024-10-14,70,6,19,6
"511","Japan","Sentinel","2024-43",2024-10-21,90,8,41,8
"512","Japan","Sentinel","2024-44",2024-10-28,98,5,39,5
"513","Japan","Sentinel","2024-45",2024-11-04,77,8,19,8
"514","Japan","Sentinel","2024-46",2024-11-11,149,8,35,8
"515","Japan","Sentinel","2024-47",2024-11-18,173,9,35,9
"516","Japan","Sentinel","2024-48",2024-11-25,290,12,43,12
"517","Japan","Sentinel","2024-49",2024-12-02,373,13,45,13
"518","Japan","Sentinel","2024-50",2024-12-09,500,21,29,21
"519","Japan","Sentinel","2024-51",2024-12-16,505,11,47,11
"520","Japan","Sentinel","2024-52",2024-12-23,338,13,32,13
"521","Japan","Sentinel","2025-01",2024-12-30,62,7,4,7
